"1","v","vvvv","1","1","1","","2019-11-01 11:59:05","2019-11-07 09:22:02"
"2","c","cccc","1","1","1","","2019-11-01 11:59:20","2019-11-07 09:22:02"
"3","w","uuuu","1","2","2","","2019-11-01 12:00:47","2019-11-07 04:32:29"
"4","s","ssss","1","2","2","","2019-11-01 12:00:59","2019-11-07 09:22:02"
"5","d","dddd","1","1","1","","2019-11-05 01:26:45","2019-11-07 09:22:02"
"6","g","gggg","1","2","2","","2019-11-05 01:27:44","2019-11-07 10:55:15"
"7","p","pppp","1","2","2","","2019-11-05 01:27:54","2019-11-07 10:55:15"
"8","z","zzzz","1","2","2","","2019-11-05 01:28:09","2019-11-07 09:22:02"
"9","x","xxxx","1","2","2","","2019-11-05 01:28:28","2019-11-07 09:22:02"
"10","b","bbbb","1","2","2","","2019-11-05 01:29:02","2019-11-07 09:22:02"
