"1","v","vvvv","1","2","2","","2019-11-01 11:59:05","2019-11-19 18:16:37"
"2","c","cccc","1","2","2","","2019-11-01 11:59:20","2019-11-19 18:15:47"
"3","w","uuuu","1","2","2","","2019-11-01 12:00:47","2019-11-19 18:15:47"
"4","s","ssss","1","2","2","","2019-11-01 12:00:59","2019-11-19 18:15:47"
"5","d","dddd","1","2","2","","2019-11-05 01:26:45","2019-11-19 18:15:47"
"6","g","gggg","1","2","2","","2019-11-05 01:27:44","2019-11-19 18:15:47"
"7","p","pppp","1","2","2","","2019-11-05 01:27:54","2019-11-19 18:15:47"
"8","z","zzzz","1","2","2","","2019-11-05 01:28:09","2019-11-19 18:15:47"
"9","x","xxxx","1","2","2","","2019-11-05 01:28:28","2019-11-19 18:15:47"
"10","b","bbbb","1","2","2","","2019-11-05 01:29:02","2019-11-19 18:15:47"
"12","Hay","VeryLaugh","1","2","2","","2019-11-20 02:05:55","2019-11-20 02:06:28"
"13","Wow","Wow","1","1","1","","2019-11-20 02:53:12","2019-11-20 02:53:55"
